{"cameraMode":{"drawMode":0,"name":"Shaded","section":"Shading Mode"},"sceneLighting":false,"audioPlay":false,"sceneViewState":{"showFog":true,"showMaterialUpdate":false,"showSkybox":false,"showFlares":true,"showImageEffects":true,"showParticleSystems":true},"in2DMode":false,"pivot":{"x":-0.46852922439575198,"y":1.6074886322021485,"z":-0.1506708711385727},"rotation":{"x":-0.21031495928764344,"y":-0.41201668977737429,"z":0.09834551066160202,"w":-0.8811065554618836},"size":2.8578836917877199,"orthographic":false}