{"cameraMode":{"drawMode":0,"name":"Shaded","section":"Shading Mode"},"sceneLighting":false,"audioPlay":false,"sceneViewState":{"showFog":true,"showMaterialUpdate":false,"showSkybox":false,"showFlares":true,"showImageEffects":true,"showParticleSystems":true},"in2DMode":false,"pivot":{"x":-0.5960066318511963,"y":-0.28520381450653078,"z":0.2138543725013733},"rotation":{"x":0.10551092773675919,"y":-0.7857681512832642,"z":0.13950799405574799,"w":0.5933504104614258},"size":2.6536996364593508,"orthographic":false}