{"cameraMode":{"drawMode":0,"name":"Shaded","section":"Shading Mode"},"sceneLighting":false,"audioPlay":false,"sceneViewState":{"showFog":true,"showMaterialUpdate":false,"showSkybox":false,"showFlares":true,"showImageEffects":true,"showParticleSystems":true},"in2DMode":false,"pivot":{"x":-0.536369800567627,"y":0.6480324268341065,"z":-1.0456814765930176},"rotation":{"x":0.13860103487968446,"y":-0.396327406167984,"z":0.06051197275519371,"w":0.9056153297424316},"size":3.7408902645111086,"orthographic":false}